{
  "en": {
    "optionPrompt": "Option (Type \"back\" to go back): ",
    "menuText": "[1] - Clone server\n[2] - Official Discord Server",
    "cloneInProgress": "> Cloning in progress...",
    "returnnull": "No response...",
    "yandn": " (1 - Yes, 2 - No): ",
    "messagesPerChannel": "How many messages per channel do you want to clone? (This function is temporarily disabled): ",
    "saveToJson": "Do you want to save to JSON? (1 - Yes, 2 - No): ",
    "beautifyJson": "Do you want to beautify the JSON? (1 - Yes, 2 - No): ",
    "ignoreOptions": "Enter what you want to ignore (e.g., emojis, channels, roles): ",
    "reconfigure": "Do you want to reconfigure? (1 - Yes, 2 - No, 3 - Back): ",
    "invalidOption": "This option is not defined",
    "cloneCompleted": "> Cloning completed!",
    "configTime": "> Configuration time: ",
    "error2": "An error occurred (You can report this error on our discord):\n",
    "undefinedfunc": "Option not set manually",
    "ServerID": "Enter the ID of the server you want to clone: ",
    "ServerID2": "Enter your server ID (Server for which you have an administrator role or ownership): ",
    "clonedChannels": "> Number of cloned channels: ",
    "errorCount": "> Error count during cloning: ",
    "enterServerId": "Enter the server ID: ",
    "loadInProgress": "> Loading in progress...",
    "loadTime": "> Loading time: ",
    "guildName": "Server Name: ",
    "guildDescription": "Server Description: ",
    "memberCount": "Number of Members: ",
    "channelCount": "Number of Channels: ",
    "createdDate": "Created at: ",
    "guildId": "Server ID: ",
    "iconUrl": "Server Icon URL: ",
    "splashUrl": "Server Splash URL: ",
    "discoverySplashUrl": "Server Discovery Splash URL: ",
    "serverFeatures": "Server Features: ",
    "emojisCount": "Number of Emojis: ",
    "awaitenter": "click 'ENTER' to continue...",
    "stickersCount": "Number of Stickers: ",
    "configcloner": "Configuring the cloner:",
    "msgcloner": "Clone how many messages per channel? (The clone message function has been disabled for testing)",
    "savejsonconfig": "Save to Json?",
    "beautifuljson": "Beautiful Json?",
    "noclone": "Do not clone",
    "ignoretickets": "Ignore tickets?",
    "option234": "Do you want to configure? (1 - Yes, 2 - No, 3 - Back): ",
    "invalidid": "The destination server does not exist or you are not on it, try correcting the ID",
    "initcloner": "» Starting cloning",
    "yes": "Yes",
    "no": "No",
    "cloningmessage": "How many messages do you want to clone per channel? (The message clone function has been disabled for testing): ",
    "savejsoninput": "Do you want to save to JSON? ",
    "noclonerinput": "Enter what you want to ignore (e.g. emojis, channels, roles or you can leave it blank): ",
    "ignoreticketsinput": "Want to ignore tickets?",
    "debugoption": "Do you want to activate debugging?",
    "nosvr": "» You must be on the Pirt Community server to start the cloner\n» Invitation: https://discord.gg/ejvrgZS7tQ",
    "rolecreate": "» Role created: ",
    "voicechannelcreate": "» Voice channel created: ",
    "createemoji": "Emoji created: ",
    "ignoreticketmsg": "It was ignored because it was possibly a ticket",
    "textchannelcreate": "» Created text channel: ",
    "categorycreate": "» Category created: ",
    "msgfinalcloner": "» Cloning took time: ",
    "configtime": "» Configuration took time: ",
    "channelnumber": "» Number of cloned channels: ",
    "errorcloning": "» Error count during cloning: ",
    "idservererror": "[ERROR] This guild does not exist or you are not in it, try correcting the ID",
    "join": "♟ Join",
    "svrlimitt": "[Warn] You have reached your server limit :(\n[Warn] If you think you have not reached your server limit and believe this to be a bug you can report it on our Discord"
  },
  "pt": {
    "optionPrompt": "Opção (Digite 'back' para voltar): ",
    "yandn": " (1 - Sim, 2 - Não): ",
    "ServerID": "Digite o ID do servidor que você deseja clonar: ",
    "undefinedfunc": "Opção não definida manualmente",
    "returnnull": "Não obteve retorno...",
    "awaitenter": "Clique no 'ENTER' para continuar...",
    "ServerID2": "Digite o ID do seu servidor (Servidor que você tem um cargo administrador ou posse): ",
    "menuText": "[1] Clonar tudo para um servidor já criado\n[2] Clonar tudo para um servidor que o clonador irá criar\n[3] Clonar tudo para um servidor que o clonador irá criar e gerar um template\n[5] Informações da conta\n[6] Informações do servidor por ID\n[7] Discord Oficial\n[8] Change to english (Mudar para inglês)",
    "cloneInProgress": "> Clonagem em andamento...",
    "messagesPerChannel": "Quantas mensagens por canal você deseja clonar? (Essa função está temporariamente desativada): ",
    "saveToJson": "Deseja salvar em JSON? (1 - Sim, 2 - Não): ",
    "beautifyJson": "Deseja formatar o JSON? (1 - Sim, 2 - Não): ",
    "ignoreOptions": "Digite o que você deseja ignorar (por exemplo, emojis, canais, cargos): ",
    "reconfigure": "Deseja reconfigurar? (1 - Sim, 2 - Não, 3 - Voltar): ",
    "invalidOption": "Essa opção não está definida",
    "cloneCompleted": "> Clonagem concluída!",
    "configTime": "> Tempo de configuração: ",
    "clonedChannels": "> Número de canais clonados: ",
    "errorCount": "> Contagem de erros durante a clonagem: ",
    "enterServerId": "Digite o ID do servidor: ",
    "loadInProgress": "> Carregando em andamento...",
    "loadTime": "> Tempo de carregamento: ",
    "guildName": "Nome do servidor: ",
    "guildDescription": "Descrição do servidor: ",
    "memberCount": "Número de membros: ",
    "error2": "Aconteceu um erro (Você pode reportar esse erro em nosso discord):\n",
    "channelCount": "Número de canais: ",
    "createdDate": "Criado em: ",
    "guildId": "ID do servidor: ",
    "iconUrl": "URL do ícone do servidor: ",
    "splashUrl": "URL do splash do servidor: ",
    "discoverySplashUrl": "URL do splash de descoberta do servidor: ",
    "serverFeatures": "Recursos do servidor: ",
    "emojisCount": "Número de emojis: ",
    "stickersCount": "Número de adesivos: ",
    "configcloner": "Configurando o clonador:",
    "msgcloner": "Clonar quantas mensagens por canal? (A função de clonar mensagens foi desativada para testes)",
    "savejsonconfig": "Salvar no Json?",
    "beautifuljson": "Json Bonito?",
    "noclone": "Não clonar",
    "ignoretickets": "Ignorar tickets?",
    "option234": "Deseja configurar? (1 - Sim, 2 - Não, 3 - Voltar): ",
    "invalidid": "O servidor de destino não existe ou você não está nele, tente corrigir o ID",
    "initcloner": "» Começando a clonagem",
    "yes": "Sim",
    "no": "Não",
    "cloningmessage": "Deseja clonar quantas mensagens por canal? (A função de clonar mensagens foi desativada para testes): ",
    "savejsoninput": "Deseja salvar no JSON?",
    "noclonerinput": "Digite o que você deseja ignorar (ex: emojis, channels, roles ou você pode deixar em branco): ",
    "ignoreticketsinput": "Deseja ignorar tickets?",
    "debugoption": "Deseja ativar o debug?",
    "nosvr": "» É preciso estar no servidor Pirt Community para iniciar o clonador\n» Convite: https://discord.gg/ejvrgZS7tQ",
    "rolecreate": "» Cargo criado: ",
    "voicechannelcreate": "» Canal de voz criado: ",
    "emojicreate": "Emoji criado: ",
    "ignoreticketmsg": " Foi ignorado por possivelmente ser um ticket",
    "textchannelcreate": "» Canal de texto criado: ",
    "categorycreate": "» Categoria criada: ",
    "msgfinalcloner": "» A clonagem demorou: ",
    "configtime": "» A configuração demorou: ",
    "channelnumber": "» Número de canais clonados: ",
    "errorcloning": "» Contagem de erros durante a clonagem: ",
    "idservererror": "[ERRO] Essa guilda não existe ou você não está nela, tente corrigir o ID",
    "join": "♟ Entrar",
    "svrlimitt": "[Warn] Você atingiu seu limite de servidores :(\n[Warn] Caso você ache que você não atingiu o limite de servidores e acredita que isso seja um bug você pode reportar em nosso Discord"
  }
}
